DateTime,UserInput,BotReply
2025-09-22 23:26:50.718029,เดเดเดเดณเด เดตเดดเดฏเตฝ เดตเดณเดณ เดตเดฐเดจเดจเดฒเดฒ,"
เดเตเดฐเดพเดฎเดธเดเดฟ (AI เดฎเดฑเตเดชเดเดฟ): เดเตเดทเดฎเดฟเดเตเดเดฃเด, เดจเดฟเดเตเดเดณเตเดเต เดเตเดฆเตเดฏเด เดเดจเดฟเดเตเดเต เดตเตเดฏเดเตเดคเดฎเดพเดฏเดฟ เดฎเดจเดธเตเดธเดฟเดฒเดพเดฏเดฟเดฒเตเดฒ.  ""เดเดเดเดณเด เดตเดดเดฏเตฝ เดตเดณเดณ เดตเดฐเดจเดจเดฒเดฒ"" เดเดจเตเดจเดคเต เดเดจเตเดคเดพเดฃเต เดเตผเดคเตเดฅเดฎเดพเดเตเดเตเดจเตเดจเดคเต เดเดจเตเดจเต เดเดจเดฟเดเตเดเต เดฎเดจเดธเตเดธเดฟเดฒเดพเดเตเดจเตเดจเดฟเดฒเตเดฒ.  เดเตเดเตเดคเตฝ เดตเดฟเดถเดฆเดฎเดพเดฏเดฟ เดเตเดฆเดฟเดเตเดเดพเตฝ เดเดจเดฟเดเตเดเต เดจเดฟเดเตเดเดณเต เดธเดนเดพเดฏเดฟเดเตเดเดพเตป เดเดดเดฟเดฏเตเด.  เดเดจเตเดคเดพเดฃเต เดจเดฟเดเตเดเตพ เดเดฑเดฟเดฏเดพเตป เดเดเตเดฐเดนเดฟเดเตเดเตเดจเตเดจเดคเต?  เดจเดฟเดเตเดเดณเตเดเต เดชเตเดฐเดถเตเดจเด เดเตเดคเตเดฏเดฎเดพเดฏเดฟ เดตเดฟเดตเดฐเดฟเดเตเดเดพเตป เดถเตเดฐเดฎเดฟเดเตเดเตเด, เดฆเดฏเดตเดพเดฏเดฟ.

"
2025-09-22 23:50:23.467463,เดตเดงเดต เดชเตปเดทเตป,"
เดเตเดฐเดพเดฎเดธเดเดฟ (AI เดฎเดฑเตเดชเดเดฟ): เดนเดพเดฏเต!  เดตเดงเตเดชเตเดฃเตเดฃเดฟเดจเตเดณเตเดณ เดชเตเตปเดทเตป เดตเดฟเดตเดฐเดเตเดเตพ เดเดจเตเดตเตเดทเดฟเดเตเดเตเดจเตเดจเดคเดพเดฃเต?  เดเตเดทเดฎเดฟเดเตเดเดฃเด, ""เดตเดงเดตเต เดชเตเตปเดทเตป"" เดเดจเตเดจเดคเต เดเตเดคเตเดฏเดฎเดพเดฏ เดชเดฆเดฎเดฒเตเดฒ.  เดจเดฟเดเตเดเตพเดเตเดเต  **เดตเดฟเดงเดต เดชเตเตปเดทเตป**  เดฒเดญเดฟเดเตเดเตเดจเตเดจเดคเดฟเดจเตเดเตเดเตเดฑเดฟเดเตเดเต เดเดจเตเดตเตเดทเดฟเดเตเดเตเดเดฏเดพเดฃเตเดจเตเดจเดพเดฃเต เดเดพเตป เดเดฐเตเดคเตเดจเตเดจเดคเต.

เดตเดฟเดงเดต เดชเตเตปเดทเตป เดฒเดญเดฟเดเตเดเดพเตป เดชเดฒ เดธเตเดเตเดฎเตเดเดณเตเดฎเตเดฃเตเดเต เดเตเดฐเดณเดคเตเดคเดฟเตฝ.  เดเดคเดพเดฃเต เดจเดฟเดเตเดเตพเดเตเดเต  เดเดเดฟเดคเด เดเดจเตเดจเต เดจเดฟเดเตเดเดณเตเดเต เดชเตเดฐเดพเดฏเด, เดตเดฐเตเดฎเดพเดจเด,  เดตเดฟเดตเดพเดนเดฟเดคเดฏเดพเดฏเดฟเดฐเตเดจเตเดจ เดเดพเดฒเดฏเดณเดตเต,  เดญเตผเดคเตเดคเดพเดตเดฟเดจเตเดฑเต เดฎเดฐเดฃเดเดพเดฐเดฃเด  เดเดจเตเดจเดฟเดต เดเดฑเดฟเดเตเดเดพเดฒเต  เดจเดฟเตผเดฃเดฏเดฟเดเตเดเดพเตป เดเดดเดฟเดฏเต.

เดเตเดเตเดคเตฝ เดตเดฟเดตเดฐเดเตเดเตพเดเตเดเต  เดจเดฟเดเตเดเตพเดเตเดเต เดเดจเดฟเดชเตเดชเดฑเดฏเตเดจเตเดจเดตเดฐเดฟเตฝ เดจเดฟเดจเตเดจเตเด เดธเดนเดพเดฏเด เดคเตเดเดพเด:

* **เดเตเดฐเดพเดฎ เดชเดเตเดเดพเดฏเดคเตเดคเต/เดจเดเดฐเดธเดญ/เดเตเตผเดชเตเดชเดฑเตเดทเตป:** เดจเดฟเดเตเดเดณเตเดเต เดชเตเดฐเดฆเตเดถเดคเตเดคเต เดเตเดฐเดพเดฎเดชเดเตเดเดพเดฏเดคเตเดคเต/เดจเดเดฐเดธเดญ/เดเตเตผเดชเตเดชเดฑเตเดทเตป เดเดซเตเดธเดฟเตฝ  เดจเดฟเดจเตเดจเต เดตเดฟเดถเดฆเดฎเดพเดฏ เดตเดฟเดตเดฐเดเตเดเตพ เดฒเดญเดฟเดเตเดเตเด. เดเดตเตผเดเตเดเต เดเดฑเตเดฑเดตเตเด เดเตเดคเตเดฏเดฎเดพเดฏ เดตเดฟเดตเดฐเดเตเดเตพ เดจเตฝเดเดพเตป เดเดดเดฟเดฏเตเด.
* **เดเดฟเดฒเตเดฒเดพ เดชเดเตเดเดพเดฏเดคเตเดคเต:** เดเตเดฐเดพเดฎเดชเดเตเดเดพเดฏเดคเตเดคเดฟเตฝ เดจเดฟเดจเตเดจเต เดเตเดเตเดคเตฝ เดตเดฟเดตเดฐเดเตเดเตพ เดฒเดญเดฟเดเตเดเตเดจเตเดจเดฟเดฒเตเดฒเตเดเตเดเดฟเตฝ เดเดฟเดฒเตเดฒเดพ เดชเดเตเดเดพเดฏเดคเตเดคเดฟเตฝ  เดจเดฟเดจเตเดจเต เดเดจเตเดตเตเดทเดฟเดเตเดเดพเด.
* **เดธเดพเดฎเตเดนเตเดฏ เดธเตเดฐเดเตเดทเดพ เดชเตเตปเดทเตป เดชเดฆเตเดงเดคเดฟเดฏเตเดเต เดเดฆเตเดฏเตเดเดฟเด เดตเตเดฌเตเดธเตเดฑเตเดฑเต:** เดเตเดฐเดณ เดธเตผเดเตเดเดพเดฐเดฟเดจเตเดฑเต เดธเดพเดฎเตเดนเตเดฏ เดธเตเดฐเดเตเดทเดพ เดชเตเตปเดทเตป เดชเดฆเตเดงเดคเดฟเดฏเตเดฎเดพเดฏเดฟ เดฌเดจเตเดงเดชเตเดชเตเดเตเด เดตเตเดฌเตเดธเตเดฑเตเดฑเต เดชเดฐเดฟเดถเตเดงเดฟเดเตเดเตเด. (เดเดจเตเดจเดพเตฝ เด เดตเตเดฌเตเดธเตเดฑเตเดฑเต เดตเดฟเดตเดฐเดเตเดเตพ เดเดฒเตเดฒเดพเดฏเตเดชเตเดชเตเดดเตเด เดชเตเตผเดฃเดฎเดพเดฏเดฟ เดเดชเตเดกเตเดฑเตเดฑเต เดเตเดฏเตเดคเดคเดพเดฏเดฟเดฐเดฟเดเตเดเดฟเดฒเตเดฒ เดเดจเตเดจ เดเดพเดฐเตเดฏเด เดเตผเดเตเดเตเด.)

เดจเดฟเดเตเดเตพเดเตเดเต  เดเตเดเตเดคเตฝ เดตเดฟเดตเดฐเดเตเดเตพ  เดคเดฐเตเดฃเตเดเดคเต เดเดจเตเดคเดพเดฃเตเดจเตเดจเต  เดเดจเดฟเดเตเดเต เดเดฑเดฟเดฏเดฟเดเตเดเต.  เดเดจเตเดฑเต เดเดดเดฟเดตเดฟเดจเตเดฑเต เดชเดฐเดฎเดพเดตเดงเดฟ เดจเดฟเดเตเดเดณเต เดธเดนเดพเดฏเดฟเดเตเดเดพเตป เดเดพเตป เดถเตเดฐเดฎเดฟเดเตเดเตเด.  เดเดถเดเตเดเดชเตเดชเตเดเตเดฃเตเด,  เดเดฒเตเดฒเดพเด เดถเดฐเดฟเดฏเดพเดเตเด! ๐

"
2025-09-23 10:13:30.408399,C:\Users\fathi\final-project\gramasathi_env\Scripts\activate,"
เดเตเดฐเดพเดฎเดธเดเดฟ (AI เดฎเดฑเตเดชเดเดฟ): เดเตเดทเดฎเดฟเดเตเดเดฃเด, เดชเดเตเดทเต  `C:\Users\fathi\final-project\gramasathi_env\Scripts\activate`  เดเดจเตเดจเดคเต เดเดฐเต เดเดฎเตเดชเตเดฏเตเดเตเดเตผ เดเดฎเดพเตปเดกเดพเดฃเต, เดเดฒเตเดฒเดพเดคเต เดเดจเดฟเดเตเดเต เดเดคเตเดคเดฐเด เดจเตฝเดเดพเตป เดเดดเดฟเดฏเตเดจเตเดจ เดเดฐเต เดเตเดฆเตเดฏเดฎเดฒเตเดฒ.  เดเดคเต เดจเดฟเดเตเดเดณเตเดเต เดเดฎเตเดชเตเดฏเตเดเตเดเดฑเดฟเดฒเต เดเดฐเต เดชเตเดฐเดคเตเดฏเตเด เดเตปเดตเดฏเตเตบเดฎเตเดจเตเดฑเต เดเดเตเดเดฟเดตเตเดฑเตเดฑเต เดเตเดฏเตเดฏเตเดจเตเดจเดคเดพเดฃเต. 

เดเดจเตเดคเดพเดฃเต เดจเดฟเดเตเดเตพ เดเตเดฏเตเดฏเดพเตป เดถเตเดฐเดฎเดฟเดเตเดเตเดจเตเดจเดคเต?  เดเดจเดฟเดเตเดเต เดเดจเตเดคเตเดเตเดเดฟเดฒเตเด เดธเดนเดพเดฏเดฟเดเตเดเดพเตป เดเดดเดฟเดฏเตเดฎเตเดเตเดเดฟเตฝ เดฆเดฏเดตเดพเดฏเดฟ เดเดจเตเดจเตเดเต เดชเดฑเดฏเตเด.  เดจเดฟเดเตเดเดณเตเดเต เดชเตเดฐเตเดเดเตเดเต เดเตเดฑเดฟเดเตเดเต เดเตเดเตเดคเตฝ เดตเดฟเดตเดฐเดเตเดเตพ เดชเดฑเดเตเดเดพเตฝ เดเดจเดฟเดเตเดเต เดจเดฟเดเตเดเดณเต เดธเดนเดพเดฏเดฟเดเตเดเดพเตป เดเดดเดฟเดฏเตเด.  เดเดฆเดพเดนเดฐเดฃเดคเตเดคเดฟเดจเต, เดจเดฟเดเตเดเตพ เดเดจเตเดคเดพเดฃเต เดธเตเดทเตเดเดฟเดเตเดเดพเตป เดถเตเดฐเดฎเดฟเดเตเดเตเดจเตเดจเดคเต? เดเดจเตเดคเตเดเตเดเดฟเดฒเตเด เดชเตเดฐเดถเตเดจเดเตเดเตพ เดจเตเดฐเดฟเดเตเดจเตเดจเตเดฃเตเดเต?

"
2025-09-23 10:14:29.098556,เดตเดงเดต เดชเตปเดทเตป,"
เดเตเดฐเดพเดฎเดธเดเดฟ (AI เดฎเดฑเตเดชเดเดฟ): เดนเดฒเต! เดเดจเตเดคเดพเดฃเต เดตเดงเตเดชเดฃ เดชเตเตปเดทเดจเตเดเตเดเตเดฑเดฟเดเตเดเต เดเดฑเดฟเดฏเตเดฃเตเดเดคเต?  เดจเดฟเดเตเดเตพเดเตเดเต เดเดจเตเดคเดพเดฃเต เดธเดเดถเดฏเด?  

เดจเดฟเดเตเดเตพเดเตเดเต  เดตเดงเตเดชเดฃ เดชเตเตปเดทเดจเต เดเตผเดนเดคเดฏเตเดฃเตเดเต เดเดจเตเดจเต เดเดฑเดฟเดฏเดฃเดฎเตเดเตเดเดฟเตฝ, เดเดคเดฟเดจเตเดณเตเดณ เดฏเตเดเตเดฏเดคเดเตพ, เดเดชเตเดเตเดทเดฟเดเตเดเตเดฃเตเด เดตเดฟเดงเด,  เดฒเดญเดฟเดเตเดเตเดจเตเดจ เดคเตเด,  เดเดตเดถเตเดฏเดฎเดพเดฏ เดฐเตเดเดเตพ  เดคเตเดเดเตเดเดฟเดฏ เดเดพเดฐเตเดฏเดเตเดเดณเตเดเตเดเตเดฑเดฟเดเตเดเต  เดเตเดเตเดคเดฒเดฑเดฟเดฏเดพเตป เดจเดฟเดเตเดเตพ เดเดเตเดฐเดนเดฟเดเตเดเตเดจเตเดจเตเดฃเตเดเต?  

เดเตเดเตเดคเตฝ เดตเดฟเดตเดฐเดเตเดเตพ เดคเดฐเดพเดจเตเด  เดธเดนเดพเดฏเดฟเดเตเดเดพเดจเตเด เดเดพเตป เดเดตเดฟเดเตเดฏเตเดฃเตเดเต.  เดจเดฟเดเตเดเดณเตเดเต เดเตเดฆเตเดฏเดเตเดเตพ  เดเตเดเตเดคเตฝ  เดตเดฟเดถเดฆเดฎเดพเดฏเดฟ  เดเตเดฆเดฟเดเตเดเต,  เดเดเตเดเดฟเตฝ เดเดพเตป  เดจเดฟเดเตเดเตพเดเตเดเต  เดธเดนเดพเดฏเดฟเดเตเดเดพเตป เดเดดเดฟเดฏเตเด. ๐

"
2025-10-15 10:48:27.971544,เดตเดฆเดฏเดค เดชเดฐเดถเดจ,"
เดเตเดฐเดพเดฎเดธเดเดฟ (AI เดฎเดฑเตเดชเดเดฟ): เดนเดฒเต! 'เดตเตเดฆเตเดฏเตเดคเดฟ เดชเตเดฐเดถเตเดจเด' เดเดจเตเดจเดพเดฃเต เดจเดฟเดเตเดเตพ เดเดฆเตเดฆเตเดถเดฟเดเตเดเดคเต? เดคเตเตผเดเตเดเดฏเดพเดฏเตเด เดธเดนเดพเดฏเดฟเดเตเดเดพเด. เดเตเดฐเดพเดฎเดธเดเดฟ เดเดตเดฟเดเตเดฏเตเดฃเตเดเต.

เดเตเดฐเดณเดคเตเดคเดฟเดฒเต เดตเตเดฆเตเดฏเตเดคเดฟ เดธเดเดฌเดจเตเดงเดฎเดพเดฏ เดชเตเดฐเดถเตเดจเดเตเดเตพเดเตเดเต เดธเดพเดงเดพเดฐเดฃเดฏเดพเดฏเดฟ เดเตเดฏเตเดฏเดพเดตเตเดจเตเดจ เดเดฟเดฒ เดเดพเดฐเตเดฏเดเตเดเตพ เดคเดพเดดเตเดเตเดเตเดเตเดเตเดเตเดจเตเดจเต:

### 1. เดเดฑเดจเตเดฑเต เดเดฒเตเดฒเตเดเตเดเดฟเตฝ (เดชเดตเตผ เดเดเตเดเต)

*   **เดเดฆเตเดฏเด เดถเตเดฐเดฆเตเดงเดฟเดเตเดเตเด:** เดจเดฟเดเตเดเดณเตเดเต เดตเตเดเตเดเดฟเตฝ เดฎเดพเดคเตเดฐเดฎเดพเดฃเต เดเดคเต เดเดฏเตฝเดชเดเตเดเดคเตเดคเตเด เดเดฑเดจเตเดฑเต เดเดฒเตเดฒเดฏเต เดเดจเตเดจเต เดจเตเดเตเดเตเด. เดจเดฟเดเตเดเดณเตเดเต เดตเตเดเตเดเดฟเตฝ เดฎเดพเดคเตเดฐเดฎเดพเดฃเต เดชเตเดฐเดถเตเดจเดฎเตเดเตเดเดฟเตฝ เดซเตเดฏเตเดธเต เดชเตเดฏเดคเดพเดฃเต เดเดจเตเดจเต เดชเดฐเดฟเดถเตเดงเดฟเดเตเดเดพเด.
*   **KSEB-เดฏเต เดตเดฟเดณเดฟเดเตเดเตเด:** เดตเตเดฆเตเดฏเตเดคเดฟ เดคเดเดธเตเดธเดเตเดเตพ เดเดฑเดฟเดฏเดฟเดเตเดเดพเตป KSEB-เดฏเตเดเต 24 เดฎเดฃเดฟเดเตเดเตเดฑเตเด เดชเตเดฐเดตเตผเดคเตเดคเดฟเดเตเดเตเดจเตเดจ **1912** เดเดจเตเดจ เดเตเตพ เดซเตเดฐเต เดจเดฎเตเดชเดฑเดฟเตฝ เดตเดฟเดณเดฟเดเตเดเดพเด. เดตเดฟเดณเดฟเดเตเดเตเดฎเตเดชเตเตพ เดจเดฟเดเตเดเดณเตเดเต เดตเตเดฆเตเดฏเตเดคเดฟ เดฌเดฟเดฒเตเดฒเดฟเดฒเตเดณเตเดณ 13 เดเดเตเด เดเดชเดญเตเดเตเดคเต เดจเดฎเตเดชเตผ (Consumer Number) เดเดฏเตเดฏเดฟเตฝ เดเดฐเตเดคเตเดจเตเดจเดคเต เดจเดฒเตเดฒเดคเดพเดฃเต.
*   **เดธเตเดเตเดทเตป เดเดซเตเดธเดฟเตฝ เดตเดฟเดณเดฟเดเตเดเดพเด:** เดจเดฟเดเตเดเดณเตเดเต เดตเตเดเดฟเดจเตเดฑเต เดเดเตเดคเตเดคเตเดณเตเดณ KSEB เดธเตเดเตเดทเตป เดเดซเตเดธเดฟเดฒเต เดจเดฎเตเดชเดฑเดฟเดฒเตเด เดตเดฟเดณเดฟเดเตเดเต เดชเดฐเดพเดคเดฟ เดชเดฑเดฏเดพเดตเตเดจเตเดจเดคเดพเดฃเต.

### 2. เดฌเดฟเดฒเตเดฒเดฟเดฒเต เดชเตเดฐเดถเตเดจเดเตเดเตพ

เดฌเดฟเดฒเตเดฒเต เดเดฟเดเตเดเดฟเดฏเดฟเดฒเตเดฒ, เดฌเดฟเดฒเตเดฒเดฟเตฝ เดคเตเด เดตเดณเดฐเต เดเตเดเตเดคเดฒเดพเดฃเต, เดฎเตเดฑเตเดฑเตผ เดฑเตเดกเดฟเดเดเดฟเตฝ เดธเดเดถเดฏเดฎเตเดฃเตเดเต เดคเตเดเดเตเดเดฟเดฏ เดชเตเดฐเดถเตเดจเดเตเดเตพเดเตเดเต เดจเดฟเดเตเดเดณเตเดเต เดธเตเดเตเดทเตป เดเดซเตเดธเตเดฎเดพเดฏเดฟ เดจเตเดฐเดฟเดเตเดเต เดฌเดจเตเดงเดชเตเดชเตเดเตเดจเตเดจเดคเดพเดฃเต เดเดฑเตเดฑเดตเตเด เดจเดฒเตเดฒเดคเต. เดชเดดเดฏ เดฌเดฟเดฒเตเดฒเตเดเดณเตเด เดเดฏเตเดฏเดฟเตฝ เดเดฐเตเดคเตเด.

### 3. เดเดชเดเดเดเดฐเดฎเดพเดฏ เดธเดพเดนเดเดฐเตเดฏเดเตเดเตพ

เดชเตเดเตเดเดฟเดตเตเดฃ เดตเตเดฆเตเดฏเตเดคเดฟ เดฒเตเดจเตเดเดณเต, เดฎเดฐเดเตเดเตพ เดตเตเดฃเต เดเดฎเตเดชเดฟเดเตพเดเตเดเต เดเดชเดเดเด เดชเดฑเตเดฑเดฟเดฏเดคเต, เดชเตเดธเตเดฑเตเดฑเตเดเตพเดเตเดเต เดเตเดเตเดชเดพเดเตเดเดณเต เดถเตเดฐเดฆเตเดงเดฏเดฟเตฝเดชเตเดชเตเดเตเดเดพเตฝ เดเดฐเต เดเดพเดฐเดฃเดตเดถเดพเดฒเตเด เดเดคเดฟเดจเดเตเดคเตเดคเตเดเตเดเต เดชเตเดเดฐเตเดคเต. เดเดเตป เดคเดจเตเดจเต **1912** เดเดจเตเดจ เดจเดฎเตเดชเดฑเดฟเดฒเต เดเดเตเดคเตเดคเตเดณเตเดณ KSEB เดเดซเตเดธเดฟเดฒเต เดตเดฟเดตเดฐเดฎเดฑเดฟเดฏเดฟเดเตเดเตเด. เดเดคเต เดตเดณเดฐเต เดชเตเดฐเดงเดพเดจเดฎเดพเดฃเต.

### 4. เดเตบเดฒเตเตป เดธเตเดตเดจเดเตเดเตพ

เดตเตเดฆเตเดฏเตเดคเดฟ เดฌเดฟเตฝ เดเดเดฏเตเดเตเดเดพเดจเตเด, เดชเตเดคเดฟเดฏ เดเดฃเดเตเดทเดจเต เดเดชเตเดเตเดทเดฟเดเตเดเดพเดจเตเด, เดชเดฐเดพเดคเดฟเดเตพ เดจเตฝเดเดพเดจเตเด เดเดชเตเดชเตเตพ เดเตบเดฒเตเดจเดพเดฏเดฟ เดธเตเดเดฐเตเดฏเดฎเตเดฃเตเดเต. KSEB-เดฏเตเดเต เดเดฆเตเดฏเตเดเดฟเด เดตเตเดฌเตเดธเตเดฑเตเดฑเดพเดฏ **wss.kseb.in** เดธเดจเตเดฆเตผเดถเดฟเดเตเดเดพเตฝ เดฎเดคเดฟ.

เดจเดฟเดเตเดเดณเตเดเต เดชเตเดฐเดถเตเดจเด เดเดคเดฟเตฝ เดเดคเดพเดฃเตเดจเตเดจเต เดเตเดฑเดเตเดเตเดเตเดเดฟ เดตเตเดฏเดเตเดคเดฎเดพเดเตเดเดฟเดฏเดพเตฝ, เดเดจเดฟเดเตเดเต เดเตเดเตเดคเตฝ เดเตเดคเตเดฏเดฎเดพเดฏ เดตเดฟเดตเดฐเดเตเดเตพ เดจเตฝเดเดพเตป เดธเดพเดงเดฟเดเตเดเตเด. เดเดจเตเดคเต เดธเดนเดพเดฏเดคเตเดคเดฟเดจเตเด เด เดเตเดฐเดพเดฎเดธเดเดฟ เดเดตเดฟเดเตเดฏเตเดฃเตเดเต
"
2025-10-15 10:52:23.138891,เดเตบเดฒเตป เดธเดตเดจเดเดเตพ,"
เดเตเดฐเดพเดฎเดธเดเดฟ (AI เดฎเดฑเตเดชเดเดฟ): เดจเดฎเดธเตเดเดพเดฐเด! เดเดพเตป เดเตเดฐเดพเดฎเดธเดเดฟ. เดเตบเดฒเตเตป เดธเตเดตเดจเดเตเดเดณเตเดเตเดเตเดฑเดฟเดเตเดเต เดเดฑเดฟเดฏเดพเตป เดคเดพเดฒเตเดชเดฐเตเดฏเด เดเดพเดฃเดฟเดเตเดเดคเดฟเตฝ เดตเดณเดฐเต เดธเดจเตเดคเตเดทเด.

เดเดจเตเดจเดคเตเดคเต เดเดพเดฒเดคเตเดคเต เดเดฐเตเดชเดพเดเต เดเดพเดฐเตเดฏเดเตเดเตพเดเตเดเดพเดฏเดฟ เดธเตผเดเตเดเดพเตผ เดเดซเตเดธเตเดเดณเดฟเดฒเต เดฌเดพเดเตเดเตเดเดณเดฟเดฒเต เดเตเดฏเต เดจเดฟเตฝเดเตเดเตเดฃเตเด เดเดตเดถเตเดฏเดฎเดฟเดฒเตเดฒ. เดเดฒเตเดฒเดพเด เดจเดฎเตเดฎเตเดเต เดตเดฟเดฐเตฝเดคเตเดคเตเดฎเตเดชเดฟเตฝ เดฒเดญเตเดฏเดฎเดพเดฃเต. เดชเตเดฐเดงเดพเดจเดชเตเดชเตเดเตเด เดเดฟเดฒ เดเตบเดฒเตเตป เดธเตเดตเดจเดเตเดเตพ เดเดคเตเดเตเดเตเดฏเดพเดฃเตเดจเตเดจเต เดเดพเตป เดฒเดณเดฟเดคเดฎเดพเดฏเดฟ เดชเดฑเดเตเดเตเดคเดฐเดพเด.

**1. เดธเตผเดเตเดเดพเตผ เดธเตเดตเดจเดเตเดเตพ:**

*   **เดธเตผเดเตเดเดฟเดซเดฟเดเตเดเดฑเตเดฑเตเดเตพ:** เดตเดฐเตเดฎเดพเดจเด, เดเดพเดคเดฟ, เดคเดพเดฎเดธเดธเตเดฅเดฒเด, เดเตเดตเดถเดพเดตเดเดพเดถเด เดคเตเดเดเตเดเดฟเดฏ เดธเตผเดเตเดเดฟเดซเดฟเดเตเดเดฑเตเดฑเตเดเตพเดเตเดเต เดเดชเตเดชเตเตพ เดตเดฟเดฒเตเดฒเตเดเต เดเดซเตเดธเดฟเตฝ เดชเตเดเดพเดคเต เดคเดจเตเดจเต เดเดชเตเดเตเดทเดฟเดเตเดเดพเด. เดเดคเดฟเดจเดพเดฏเดฟ **'เด-เดกเดฟเดธเตเดเตเดฐเดฟเดเตเดฑเตเดฑเต' (e-District)** เดเดจเตเดจ เดตเตเดฌเตเดธเตเดฑเตเดฑเต เดเดชเดฏเตเดเดฟเดเตเดเดพเด.
*   **เดชเดเตเดเดพเดฏเดคเตเดคเต เดธเตเดตเดจเดเตเดเตพ:** เดเตเดเตเดเดฟเดเดจเดฟเดเตเดคเดฟ เดเดเดฏเตเดเตเดเดพเดจเตเด, เดเดจเดจ/เดฎเดฐเดฃ เดธเตผเดเตเดเดฟเดซเดฟเดเตเดเดฑเตเดฑเตเดเตพ เดเดเตเดเตเดเดพเดจเตเด, เดฎเดฑเตเดฑเต เดฒเตเดธเตปเดธเตเดเตพเดเตเดเต เดเดชเตเดเตเดทเดฟเดเตเดเดพเดจเตเด **'เดธเดเตเดเดฏ' (Sanchaya)** เดเดจเตเดจ เดเตบเดฒเตเตป เดธเดเดตเดฟเดงเดพเดจเด เดเดชเดฏเตเดเดฟเดเตเดเดพเด.
*   **เดญเตเดจเดฟเดเตเดคเดฟ:** เดชเดฑเดฎเตเดชเดฟเดจเตเดฑเตเดฏเตเด เดฎเดฑเตเดฑเตเด เดเดฐเด เดเดเดฏเตเดเตเดเดพเตป เดเดจเดฟ เดตเดฟเดฒเตเดฒเตเดเต เดเดซเตเดธเดฟเตฝ เดชเตเดเตเดฃเตเด. **REVENUE.LOKAM** เดเดจเตเดจ เดตเตเดฌเตเดธเตเดฑเตเดฑเดฟเดฒเตเดเต เดเตบเดฒเตเดจเดพเดฏเดฟ เดเดเดฏเตเดเตเดเดพเด.
*   **เดฌเดฟเดฒเตเดฒเตเดเตพ เดเดเดฏเตเดเตเดเตฝ:** เดเดฑเดฃเตเดเต เดฌเดฟเตฝ (KSEB), เดตเตเดณเตเดณเดเตเดเดฐเด (Water Authority), เดซเตเตบ เดฌเดฟเตฝ เดเดจเตเดจเดฟเดตเดฏเตเดฒเตเดฒเดพเด เดตเตเดเตเดเดฟเดฒเดฟเดฐเตเดจเตเดจเต เดคเดจเตเดจเต เดเดเดฏเตเดเตเดเดพเด.

**2. เดฌเดพเดเตเดเดฟเดเดเต เดธเตเดตเดจเดเตเดเตพ:**

*   เดฌเดพเดเตเดเดฟเตฝ เดชเตเดเดพเดคเต เดชเดฃเด เดเดฏเดเตเดเดพเดจเตเด, เดเดเตเดเตเดฃเตเดเดฟเดฒเต เดฌเดพเดฒเตปเดธเต เดเดฑเดฟเดฏเดพเดจเตเด, เดซเตเตบ เดฑเตเดเดพเตผเดเต เดเตเดฏเตเดฏเดพเดจเตเด เดเดชเตเดชเตเตพ เดธเดพเดงเดฟเดเตเดเตเด. **Google Pay, PhonePe** เดชเตเดฒเตเดณเตเดณ เดเดชเตเดชเตเดเตพ เดเดชเดฏเตเดเดฟเดเตเดเต เดเดเดเดณเดฟเดฒเตเด เดฎเดฑเตเดฑเตเด เดชเดฃเด เดจเตฝเดเดพเด.

**3. เดฏเดพเดคเตเดฐ เดเดฟเดเตเดเดฑเตเดฑเตเดเตพ:**

*   เดฌเดธเต เดฏเดพเดคเตเดฐเดเตพเดเตเดเดพเดฏเดฟ **KSRTC** เดฏเตเดเต เดตเตเดฌเตเดธเตเดฑเตเดฑเต เดเดชเตเดชเต เดเดชเดฏเตเดเดฟเดเตเดเต เดเดฟเดเตเดเดฑเตเดฑเตเดเตพ เดฎเตเตปเดเตเดเตเดเดฟ เดฌเตเดเตเดเต เดเตเดฏเตเดฏเดพเด.
*   เดเตเดฐเตเดฏเดฟเตป เดเดฟเดเตเดเดฑเตเดฑเตเดเตพ **IRCTC** เดตเตเดฌเตเดธเตเดฑเตเดฑเต เดตเดดเดฟ เดเดณเตเดชเตเดชเดคเตเดคเดฟเตฝ เดเดเตเดเตเดเดพเด.

**4. เดฎเดฑเตเดฑเต เดเดตเดถเตเดฏเดเตเดเตพ:**

*   เดเดถเตเดชเดคเตเดฐเดฟเดฏเดฟเตฝ เดกเตเดเตเดเดฑเต เดเดพเดฃเดพเตป เดเตบเดฒเตเดจเดพเดฏเดฟ เดฌเตเดเตเดเต เดเตเดฏเตเดฏเดพเด (เดเดฆเดพเดนเดฐเดฃเดคเตเดคเดฟเดจเต, **เด-เดธเดเตเดเตเดตเดจเดฟ**).
*   เดฎเดเตเดเตพเดเตเดเต เดชเดเดฟเดเตเดเดพเดจเดพเดตเดถเตเดฏเดฎเดพเดฏ เดตเดฟเดตเดฐเดเตเดเตพ เดคเดฟเดฐเดฏเดพเดจเตเด, เดชเดฐเตเดเตเดทเดพเดซเดฒเด เดเดฑเดฟเดฏเดพเดจเตเด เดเตบเดฒเตเตป เดธเดเดตเดฟเดงเดพเดจเดเตเดเตพ เดธเดนเดพเดฏเดฟเดเตเดเตเด.

**เดเดตเดฟเดเต เด เดธเตเดตเดจเดเตเดเตพ เดฒเดญเดฟเดเตเดเตเด?**

เด เดธเตเดตเดจเดเตเดเดณเตเดฒเตเดฒเดพเด เดจเดฟเดเตเดเดณเตเดเต เดเดเตเดคเตเดคเตเดณเตเดณ **เดเดเตเดทเดฏ เดเตเดจเตเดฆเตเดฐเดเตเดเตพ** เดตเดดเดฟ เดเดณเตเดชเตเดชเดคเตเดคเดฟเตฝ เดเตเดฏเตเดฏเดพเตป เดธเดพเดงเดฟเดเตเดเตเด. เดเตเดเดพเดคเต, เดธเตเดฎเดพเตผเดเตเดเตเดซเตเดฃเต เดเดฎเตเดชเตเดฏเตเดเตเดเดฑเต เดเดชเดฏเตเดเดฟเดเตเดเดพเตป เดเดฑเดฟเดฏเดพเดฎเตเดเตเดเดฟเตฝ เดชเดฒเดคเตเด เดจเดฎเตเดเตเดเต เดธเตเดตเดจเตเดคเดฎเดพเดฏเดฟ เดคเดจเตเดจเต เดเตเดฏเตเดฏเดพเด.

เดเดคเดฟเตฝ เดเดคเต เดธเตเดตเดจเดคเตเดคเตเดเตเดเตเดฑเดฟเดเตเดเดพเดฃเต เดจเดฟเดเตเดเตพเดเตเดเต เดเตเดเตเดคเตฝ เดเดฑเดฟเดฏเตเดฃเตเดเดคเต? เดเตเดฆเดฟเดเตเดเดพเตป เดเดฐเต เดฎเดเดฟเดฏเตเด เดตเดฟเดเดพเดฐเดฟเดเตเดเดฐเตเดคเต. เดธเดนเดพเดฏเดฟเดเตเดเดพเตป เดเดพเตป เดเดตเดฟเดเตเดฏเตเดฃเตเดเต.

เดธเตเดจเตเดนเดคเตเดคเตเดเต,
เดจเดฟเดเตเดเดณเตเดเต เดธเตเดตเดจเตเดคเด เดเตเดฐเดพเดฎเดธเดเดฟ.
"
2025-10-15 11:03:40.915765,เดชเตป เดเตผเดก,"
เดเตเดฐเดพเดฎเดธเดเดฟ (เดชเตเดฐเดพเดฆเตเดถเดฟเด เดตเดฟเดตเดฐเด): เดฑเตเดทเตป เดเดพเตผเดกเต เดเดชเตเดเตเดท/เดเดชเตโเดกเตเดฑเตเดฑเต เดเตเดฏเตเดฏเดพเตป: https://civilsupplieskerala.gov.in/ เดเดฒเตเดฒเตเดเตเดเดฟเตฝ เดเดเตเดคเตเดค เดเดเตเดทเดฏ เดเตเดจเตเดฆเตเดฐเด.
"
2025-10-15 11:15:23.076892,เดตเดฆเดฏเดค เดชเดฐเดถเดจ,"
เดเตเดฐเดพเดฎเดธเดเดฟ (AI เดฎเดฑเตเดชเดเดฟ): เดจเดฎเดธเตเดเดพเดฐเด! เดจเดฟเดเตเดเดณเตเดเต เดเตเดฐเดพเดฎเดธเดเดฟ เดเดตเดฟเดเตเดฏเตเดฃเตเดเต. เดเดจเตเดคเตเดเตเดเตเดฏเตเดฃเตเดเต เดตเดฟเดถเตเดทเด?

เดเตเดทเดฎเดฟเดเตเดเดฃเด, 'เดตเดฆเดฏเดค เดชเดฐเดถเดจ' เดเดจเตเดจเต เดเตเดชเตเดชเต เดเตเดฏเตเดคเดคเดฟเตฝ เดเดฐเต เดเตเดฑเดฟเดฏ เดชเดฟเดถเดเตเดฃเตเดเตเดจเตเดจเต เดคเตเดจเตเดจเตเดจเตเดจเต. เดจเดฟเดเตเดเตพ 'เดตเตเดฆเตเดฏเตเดคเดฟ เดชเตเดฐเดถเตเดจเด' (Electricity Problem) เดเดจเตเดจเดพเดฃเต เดเดฆเตเดฆเตเดถเดฟเดเตเดเดคเต? เดเดเตเดเดจเตเดฏเดพเดฃเตเดเตเดเดฟเตฝ, เดเดฐเต เดฎเดเดฟเดฏเตเด เดตเดฟเดเดพเดฐเดฟเดเตเดเตเดฃเตเด, เดเดพเตป เดธเดนเดพเดฏเดฟเดเตเดเดพเด.

เดจเดฎเตเดฎเตเดเต เดจเดพเดเตเดเดฟเดฒเต เดตเตเดฆเตเดฏเตเดคเดฟ เดชเตเดฐเดถเตเดจเดเตเดเดณเตเดเตเดเตเดฑเดฟเดเตเดเต เดเดฑเดฟเดฏเตเดฃเตเด เดเดพเดฐเตเดฏเดเตเดเตพ เดคเดพเดดเตเดเตเดเตเดเตเดเตเดเตเดจเตเดจเต:

**1. เดเดฑเดจเตเดฑเต เดชเตเดฏเดพเตฝ เดเดจเตเดคเต เดเตเดฏเตเดฏเดฃเด?**
*   เดเดฆเตเดฏเด เดคเดจเตเดจเต เดจเดฎเตเดฎเตเดเต เดตเตเดเตเดเดฟเดฒเต เดซเตเดฏเตเดธเต เดชเตเดฏเดคเดพเดฃเต เดเดจเตเดจเต เดจเตเดเตเดเตเด.
*   เดเดฏเตฝเดชเดเตเดเดคเตเดคเต เดตเตเดเตเดเดณเดฟเดฒเตเด เดเดฑเดจเตเดฑเต เดเดฒเตเดฒเดฏเต เดเดจเตเดจเต เดเตเดฆเดฟเดเตเดเดฑเดฟเดฏเตเด. เดเดฒเตเดฒเดพเดฏเดฟเดเดคเตเดคเตเด เดชเตเดฏเดคเดพเดฃเตเดเตเดเดฟเตฝ เดเดคเต KSEB เดฒเตเดจเดฟเดฒเต เดคเดเดฐเดพเดฑเต เดเตเดฃเตเดเดพเดตเดพเด.
*   เดชเดฐเดพเดคเดฟเดชเตเดชเตเดเดพเดจเดพเดฏเดฟ KSEB-เดฏเตเดเต เดเตเตพ เดซเตเดฐเต เดจเดฎเตเดชเดฑเดพเดฏ **1912**-เตฝ เดตเดฟเดณเดฟเดเตเดเดพเด.
*   เดเดฒเตเดฒเตเดเตเดเดฟเตฝ เดจเดฟเดเตเดเดณเตเดเต เดคเตเดเตเดเดเตเดคเตเดคเตเดณเตเดณ KSEB เดธเตเดเตเดทเตป เดเดซเตเดธเดฟเดฒเต เดจเดฎเตเดชเดฑเดฟเดฒเตเด เดตเดฟเดณเดฟเดเตเดเต เดชเดฐเดพเดคเดฟ เดชเดฑเดฏเดพเดตเตเดจเตเดจเดคเดพเดฃเต.

**2. เดตเตเตพเดเตเดเตเดเต เดเตเดฑเดตเต เดเตเดเตเดคเดฒเต เดเดฃเตเดเตเดเดฟเตฝ:**
เดเดเดฏเตเดเตเดเดฟเดเต เดตเตเตพเดเตเดเตเดเต เดเตเดฑเดฏเตเดเดฏเต เดเตเดเตเดเดฏเต เดเตเดฏเตเดฏเตเดจเตเดจเตเดฃเตเดเตเดเตเดเดฟเตฝ, เดเดคเต เดจเดฎเตเดฎเตเดเต เดตเตเดเตเดเดฟเดฒเต เดเดฒเดเตเดเตเดฐเดฟเดเต เดเดชเดเดฐเดฃเดเตเดเตพเดเตเดเต เดเตเดเตเดตเดฐเตเดคเตเดคเตเด. เด เดชเตเดฐเดถเตเดจเดตเตเด **1912** เดเดจเตเดจ เดจเดฎเตเดชเดฑเดฟเดฒเต เดเดฒเตเดฒเตเดเตเดเดฟเตฝ เดจเดฟเดเตเดเดณเตเดเต เดธเตเดเตเดทเตป เดเดซเตเดธเดฟเดฒเต เดตเดฟเดณเดฟเดเตเดเต เดเดฑเดฟเดฏเดฟเดเตเดเดพเด.

**3. เดฎเตเดฑเตเดฑเตผ เดธเดเดฌเดจเตเดงเดฎเดพเดฏ เดชเตเดฐเดถเตเดจเดเตเดเตพ:**
เดฎเตเดฑเตเดฑเตผ เดเดเตเดจเตเดจเดฟเดฒเตเดฒเตเดเตเดเดฟเดฒเต, เดเดคเตเดคเตเดจเตเดจ เดฎเดฃเด เดตเดฐเตเดจเตเดจเตเดฃเตเดเตเดเตเดเดฟเดฒเต, เดตเตเดฑเตเดจเตเดคเตเดเตเดเดฟเดฒเตเด เดคเดเดฐเดพเดฑเตเดฃเตเดเตเดเตเดเดฟเดฒเต เดเดเตป เดคเดจเตเดจเต เดธเตเดเตเดทเตป เดเดซเตเดธเดฟเตฝ เดเดฑเดฟเดฏเดฟเดเตเดเดฃเด.

**4. เดเดชเดเดเดเดฐเดฎเดพเดฏ เดธเดพเดนเดเดฐเตเดฏเดเตเดเตพ:**
เดตเตเดฆเตเดฏเตเดคเดฟ เดฒเตเตป เดชเตเดเตเดเดฟ เดตเตเดดเตเดจเตเดจเดคเต เดชเตเดฒเตเดณเตเดณ เดเดชเดเดเดเดฐเดฎเดพเดฏ เดธเดพเดนเดเดฐเตเดฏเดฎเดพเดฃเตเดเตเดเดฟเตฝ, เดเดฐเต เดเดพเดฐเดฃเดตเดถเดพเดฒเตเด เดเดคเดฟเดจเดเตเดคเตเดคเตเดเตเดเต เดชเตเดเดฐเตเดคเต. เดเดเตป เดคเดจเตเดจเต KSEB เดเดซเตเดธเดฟเตฝ เดตเดฟเดตเดฐเด เดเดฑเดฟเดฏเดฟเดเตเดเตเด. เดฎเดฑเตเดฑเตเดณเตเดณเดตเตผเดเตเดเต เดฎเตเดจเตเดจเดฑเดฟเดฏเดฟเดชเตเดชเต เดจเตฝเดเตเดเดฏเตเด เดตเตเดฃเด.

เดตเตเดฑเตเดจเตเดคเตเดเตเดเดฟเดฒเตเด เดเดฑเดฟเดฏเดฃเดฎเตเดจเตเดจเตเดฃเตเดเตเดเตเดเดฟเตฝ เดเตเดฆเดฟเดเตเดเดพเตป เดฎเดเดฟเดเตเดเดฐเตเดคเต เดเตเดเตเดเต. เดเดคเต เดธเดนเดพเดฏเดคเตเดคเดฟเดจเตเด เด เดเตเดฐเดพเดฎเดธเดเดฟ เดเตเดเตเดฏเตเดฃเตเดเดพเดเตเด.

เดเดจเตเดจเตเด เดธเดนเดพเดฏเดคเตเดคเดฟเดจเดพเดฏเดฟ,
เดจเดฟเดเตเดเดณเตเดเต เดธเตเดตเดจเตเดคเด เดเตเดฐเดพเดฎเดธเดเดฟ.
"
2025-10-15 11:19:04.740012,เดฎเดฑเดฑเตผ เดธเดฌเดจเดงเดฎเดฏ เดชเดฐเดถเดจเดเดเตพ:,"
เดเตเดฐเดพเดฎเดธเดเดฟ (AI เดฎเดฑเตเดชเดเดฟ): เดจเดฎเดธเตเดเดพเดฐเด! เดเดพเตป เดเตเดฐเดพเดฎเดธเดเดฟ.

เดฎเตเดเตเดเตเตผ เดตเดพเดนเดจเดเตเดเดณเตเดฎเดพเดฏเดฟ เดฌเดจเตเดงเดชเตเดชเตเดเตเด เดเดพเดฐเตเดฏเดเตเดเดณเตเดเตเดเตเดฑเดฟเดเตเดเดพเดฃเดฒเตเดฒเต เดเดฑเดฟเดฏเตเดฃเตเดเดคเต? เดคเตเตผเดเตเดเดฏเดพเดฏเตเด เดธเดนเดพเดฏเดฟเดเตเดเดพเดฎเดฒเตเดฒเต. เด เดตเดฟเดทเดฏเดคเตเดคเดฟเตฝ เดเดฐเตเดชเดพเดเต เดธเดเดถเดฏเดเตเดเตพ เดตเดฐเดพเตป เดธเดพเดงเตเดฏเดคเดฏเตเดฃเตเดเต. เดฒเตเดธเตปเดธเต เดเดเตเดเตเดเตเดจเตเดจเดคเต เดฎเตเดคเตฝ เดตเดพเดนเดจเด เดตเดฟเตฝเดเตเดเตเดจเตเดจเดคเต เดตเดฐเต เดชเดฒเดคเดฐเด เดเดพเดฐเตเดฏเดเตเดเดณเตเดฃเตเดเดพเดเตเด.

เดจเดฟเดเตเดเดณเตเดเต เดเตเดฆเตเดฏเด เดตเตเดฏเดเตเดคเดฎเดพเดเตเดเดฟเดฏเดพเตฝ เดเดจเดฟเดเตเดเต เดเตเดคเตเดฏเดฎเดพเดฏ เดฎเดฑเตเดชเดเดฟ เดจเตฝเดเดพเตป เดเดณเตเดชเตเดชเดฎเดพเดเตเด. เดชเตเดคเตเดตเดพเดฏเดฟ เดตเดฐเดพเดฑเตเดณเตเดณ เดเดฟเดฒ เดตเดฟเดทเดฏเดเตเดเตพ เดคเดพเดดเตเดเตเดเตเดเตเดเตเดเตเดจเตเดจเต. เดเดคเดฟเตฝ เดเดคเต เดเดพเดฐเตเดฏเดคเตเดคเตเดเตเดเตเดฑเดฟเดเตเดเดพเดฃเต เดจเดฟเดเตเดเตพเดเตเดเดฑเดฟเดฏเตเดฃเตเดเดคเต?

1.  **เดกเตเดฐเตเดตเดฟเดเดเต เดฒเตเดธเตปเดธเต:**
    *   เดชเตเดคเดฟเดฏ เดฒเตเดฃเตเดดเตเดธเต เดฒเตเดธเตปเดธเต เดเดฒเตเดฒเตเดเตเดเดฟเตฝ เดกเตเดฐเตเดตเดฟเดเดเต เดฒเตเดธเตปเดธเต เดเดเตเดเตเดเตเดจเตเดจเดคเดฟเดจเตเดเตเดเตเดฑเดฟเดเตเดเต.
    *   เดฒเตเดธเตปเดธเต เดชเตเดคเตเดเตเดเตเดจเตเดจเดคเดฟเดจเตเดเตเดเตเดฑเดฟเดเตเดเต.
    *   เดฒเตเดธเตปเดธเต เดจเดทเตเดเดชเตเดชเตเดเตเดเดพเตฝ เดกเตเดฏเตเดชเตเดฒเดฟเดเตเดเตเดฑเตเดฑเต เดเดเตเดเตเดเตเดจเตเดจเดคเดฟเดจเตเดเตเดเตเดฑเดฟเดเตเดเต.

2.  **เดตเดพเดนเดจ เดฐเดเดฟเดธเตเดเตเดฐเตเดทเตป (RC):**
    *   เดชเตเดคเดฟเดฏ เดตเดพเดนเดจเดคเตเดคเดฟเดจเตเดฑเต เดฐเดเดฟเดธเตเดเตเดฐเตเดทเดจเตเดเตเดเตเดฑเดฟเดเตเดเต.
    *   เดตเดพเดนเดจเด เดฎเดฑเตเดฑเตเดฐเดพเตพเดเตเดเต เดตเดฟเตฝเดเตเดเตเดฎเตเดชเตเตพ เดชเตเดฐเต เดฎเดพเดฑเตเดฑเตเดจเตเดจเดคเดฟเดจเตเดเตเดเตเดฑเดฟเดเตเดเต (Ownership Transfer).
    *   เดตเดฟเดฒเดพเดธเด เดฎเดพเดฑเตเดฑเตเดจเตเดจเดคเดฟเดจเตเดเตเดเตเดฑเดฟเดเตเดเต.

3.  **เดจเดฟเดเตเดคเดฟเดฏเตเด เดเตปเดทเตเดฑเตปเดธเตเด (Tax & Insurance):**
    *   เดตเดพเดนเดจ เดจเดฟเดเตเดคเดฟ เดเดเดฏเตเดเตเดเตเดจเตเดจเดคเดฟเดจเตเดเตเดเตเดฑเดฟเดเตเดเต.
    *   เดเตปเดทเตเดฑเตปเดธเต เดชเตเดคเตเดเตเดเตเดจเตเดจเดคเดฟเดจเตเดเตเดเตเดฑเดฟเดเตเดเตเด เดเดคเดฟเดจเตเดฑเต เดชเตเดฐเดพเดงเดพเดจเตเดฏเดคเตเดคเตเดเตเดเตเดฑเดฟเดเตเดเตเด.

4.  **เดจเดฟเดฏเดฎเดฒเดเดเดจเดเตเดเดณเตเด เดชเดฟเดดเดเดณเตเด (Fines):**
    *   เดเตเดฏเดพเดฎเดฑเดฏเดฟเตฝ เดเตเดเตเดเตเดเดฟเดฏเดพเตฝ เดชเดฟเดด เดเดเดฏเตเดเตเดเตเดจเตเดจเดคเดฟเดจเตเดเตเดเตเดฑเดฟเดเตเดเต.
    *   เดเดจเตเดคเตเดเตเดเดฟเดฒเตเด เดชเดฟเดด (fine) เดจเดฟเดฒเดตเดฟเดฒเตเดฃเตเดเต เดเดจเตเดจเต เดชเดฐเดฟเดถเตเดงเดฟเดเตเดเตเดจเตเดจเดคเดฟเดจเตเดเตเดเตเดฑเดฟเดเตเดเต.

5.  **เดฎเดฑเตเดฑเตเดณเตเดณเดต:**
    *   เดชเตเด เดชเดฐเดฟเดถเตเดงเดจ เดธเตผเดเตเดเดฟเดซเดฟเดเตเดเดฑเตเดฑเต (Pollution Certificate).
    *   เดตเดพเดนเดจเดคเตเดคเดฟเดจเตเดฑเต เดซเดฟเดฑเตเดฑเตเดจเดธเต (Fitness Certificate).

เดเดคเตเดเตเดฃเตเดเต, เดจเดฟเดเตเดเดณเตเดเต เดธเดเดถเดฏเด เดเดจเตเดคเดพเดฃเตเดจเตเดจเต เดฎเดเดฟเดเตเดเดพเดคเต เดเตเดฆเดฟเดเตเดเตเดณเต. เดเดคเต เดตเดฟเดทเดฏเดฎเดพเดฏเดพเดฒเตเด เดเดจเดฟเดเตเดเดฑเดฟเดฏเดพเดตเตเดจเตเดจเดคเตเดชเตเดฒเต เดธเดนเดพเดฏเดฟเดเตเดเดพเตป เดถเตเดฐเดฎเดฟเดเตเดเดพเด. เดเดพเตป เดเดตเดฟเดเตเดคเตเดคเดจเตเดจเตเดฏเตเดฃเตเดเต.
"
2025-10-15 11:25:54.882646,เดตเดงเดต เดชเตปเดทเตป,"
เดเตเดฐเดพเดฎเดธเดเดฟ (AI เดฎเดฑเตเดชเดเดฟ): เดคเตเตผเดเตเดเดฏเดพเดฏเตเด! เดตเดฟเดงเดตเดพ เดชเตเตปเดทเดจเตเดเตเดเตเดฑเดฟเดเตเดเตเดณเตเดณ เดตเดฟเดตเดฐเดเตเดเตพ เดเดคเดพ.

```json
{
  ""keyword"": ""เดตเดฟเดงเดต เดชเตเตปเดทเตป"",
  ""answer"": ""เดจเดฎเดธเตเดเดพเดฐเด! เดตเดฟเดงเดต เดชเตเตปเดทเดจเต (Widow Pension) เดเตเดฑเดฟเดเตเดเตเดณเตเดณ เดตเดฟเดตเดฐเดเตเดเตพ เดคเดพเดดเต เดจเตฝเดเตเดจเตเดจเต.\n\nเดญเตผเดคเตเดคเดพเดตเต เดฎเดฐเดฃเดชเตเดชเตเดเตเด เดจเดฟเตผเดงเดจเดฐเดพเดฏ เดธเตเดคเตเดฐเตเดเตพเดเตเดเต เดธเดพเดฎเตเดชเดคเตเดคเดฟเด เดธเดนเดพเดฏเด เดจเตฝเดเตเดจเตเดจ เดเดฐเต เดธเดพเดฎเตเดนเตเดฏ เดธเตเดฐเดเตเดทเดพ เดชเดฆเตเดงเดคเดฟเดฏเดพเดฃเดฟเดคเต. เดเดจเตเดฆเดฟเดฐเดพเดเดพเดจเตเดงเดฟ เดฆเตเดถเตเดฏ เดตเดฟเดงเดต เดชเตเตปเดทเตป เดชเดฆเตเดงเดคเดฟเดฏเตเดเต เดญเดพเดเดฎเดพเดฏเดพเดฃเต เดเตเดฐเดณเดคเตเดคเดฟเตฝ เดเดคเต เดจเดเดชเตเดชเดฟเดฒเดพเดเตเดเตเดจเตเดจเดคเต.\n\n**เดฏเตเดเตเดฏเดคเดพ เดฎเดพเดจเดฆเดฃเตเดกเดเตเดเตพ:**\n*   เดเดชเตเดเตเดทเด เดตเดฟเดงเดตเดฏเดพเดฏเดฟเดฐเดฟเดเตเดเดฃเด.\n*   เดเตเดเตเดเดฌเดคเตเดคเดฟเตปเตเดฑเต เดตเดพเตผเดทเดฟเด เดตเดฐเตเดฎเดพเดจเด 1,00,000 เดฐเตเดชเดฏเดฟเตฝ เดเดตเดฟเดฏเดพเตป เดชเดพเดเดฟเดฒเตเดฒ.\n*   เดเดชเตเดเตเดทเด เดชเตเดจเตผเดตเดฟเดตเดพเดนเด เดเตเดฏเตเดคเดฟเดฐเดฟเดเตเดเดฐเตเดคเต.\n*   เดธเตผเดเตเดเดพเตผ/เดเตผเดฆเตเดง เดธเตผเดเตเดเดพเตผ เดธเตเดฅเดพเดชเดจเดเตเดเดณเดฟเตฝ เดจเดฟเดจเตเดจเต เดฎเดฑเตเดฑเต เดเตเดทเตเดฎเดจเดฟเดงเดฟเดเดณเดฟเตฝ เดจเดฟเดจเตเดจเต เดชเตเตปเดทเตป เดตเดพเดเตเดเตเดจเตเดจเดตเดฐเดพเดเดฐเตเดคเต.\n\n**เดเดตเดถเตเดฏเดฎเตเดณเตเดณ เดชเตเดฐเดงเดพเดจ เดฐเตเดเดเตพ:**\n1.  เดเดงเดพเตผ เดเดพเตผเดกเต\n2.  เดฑเตเดทเตป เดเดพเตผเดกเต\n3.  เดตเดฟเดฒเตเดฒเตเดเต เดเดซเตเดธเดฑเดฟเตฝ เดจเดฟเดจเตเดจเตเดณเตเดณ เดตเดฐเตเดฎเดพเดจ เดธเตผเดเตเดเดฟเดซเดฟเดเตเดเดฑเตเดฑเต\n4.  เดญเตผเดคเตเดคเดพเดตเดฟเตปเตเดฑเต เดฎเดฐเดฃ เดธเตผเดเตเดเดฟเดซเดฟเดเตเดเดฑเตเดฑเต\n5.  เดฌเดพเดเตเดเต เดชเดพเดธเตเดธเตเดฌเตเดเตเดเดฟเตปเตเดฑเต เดชเดเตผเดชเตเดชเต (เดเดชเตเดเตเดทเดเดฏเตเดเต เดชเตเดฐเดฟเตฝ เดเดเตเดเตเดฃเตเดเต เดตเตเดฃเด)\n\n**เดเดเตเดเดจเต เดเดชเตเดเตเดทเดฟเดเตเดเดพเด?**\nเดเดเตเดคเตเดคเตเดณเตเดณ เดเดเตเดทเดฏ เดเตเดจเตเดฆเตเดฐเด เดตเดดเดฟ เดเตบเดฒเตเดจเดพเดฏเดฟ เดเดชเตเดเตเดท เดธเดฎเตผเดชเตเดชเดฟเดเตเดเดพเดตเตเดจเตเดจเดคเดพเดฃเต. เดเดชเตเดเตเดทเดเตพ เดจเดฟเดเตเดเดณเตเดเต เดชเดเตเดเดพเดฏเดคเตเดคเต/เดฎเตเดจเดฟเดธเดฟเดชเตเดชเดพเดฒเดฟเดฑเตเดฑเดฟ/เดเตเตผเดชเตเดชเดฑเตเดทเตป เดเดซเตเดธเดฟเดฒเดพเดฃเต เดชเดฐเดฟเดถเตเดงเดจเดฏเตเดเตเดเต เดถเตเดทเด เดชเดพเดธเตเดธเดพเดเตเดเตเดจเตเดจเดคเต.\n\nเดเตเดเตเดคเตฝ เดตเดฟเดตเดฐเดเตเดเตพเดเตเดเต เดธเดนเดพเดฏเดคเตเดคเดฟเดจเต เดจเดฟเดเตเดเดณเตเดเต เดเตเดฐเดพเดฎเดชเดเตเดเดพเดฏเดคเตเดคเต เดเดซเตเดธเดฟเดฒเต เดเดเตเดทเดฏ เดเตเดจเตเดฆเตเดฐเดคเตเดคเดฟเดฒเต เดฌเดจเตเดงเดชเตเดชเตเดเดพเดตเตเดจเตเดจเดคเดพเดฃเต. เดเดฒเตเดฒเดพ เดเดถเดเดธเดเดณเตเด!"",
  ""action_type"": ""form_filling"",
  ""form_fields"": {
    ""name"": ""เดเดชเตเดเตเดทเดเดฏเตเดเต เดชเตเดฐเต"",
    ""aadhaar_number"": ""เดเดงเดพเตผ เดจเดฎเตเดชเตผ"",
    ""address"": ""เดตเดฟเดฒเดพเดธเด"",
    ""husbands_death_certificate_number"": ""เดญเตผเดคเตเดคเดพเดตเดฟเตปเตเดฑเต เดฎเดฐเดฃ เดธเตผเดเตเดเดฟเดซเดฟเดเตเดเดฑเตเดฑเต เดจเดฎเตเดชเตผ"",
    ""income_certificate_number"": ""เดตเดฐเตเดฎเดพเดจ เดธเตผเดเตเดเดฟเดซเดฟเดเตเดเดฑเตเดฑเต เดจเดฎเตเดชเตผ"",
    ""bank_account_number"": ""เดฌเดพเดเตเดเต เดเดเตเดเตเดฃเตเดเต เดจเดฎเตเดชเตผ"",
    ""ifsc_code"": ""IFSC เดเตเดกเต""
  },
  ""url"": ""https://sevana.lsgkerala.gov.in/""
}
```
"
2025-10-15 11:27:19.629025,เดตเดงเดต เดชเตปเดทเตป,"
เดเตเดฐเดพเดฎเดธเดเดฟ (AI เดฎเดฑเตเดชเดเดฟ): ```json
{
  ""keyword"": ""widow_pension_malayalam"",
  ""answer"": ""เดจเดฎเดธเตเดเดพเดฐเด! เดตเดฟเดงเดตเดพ เดชเตเตปเดทเดจเตเดเตเดเตเดฑเดฟเดเตเดเดพเดฃเต เดเดฑเดฟเดฏเตเดฃเตเดเดคเต? เดคเตเตผเดเตเดเดฏเดพเดฏเตเด เดธเดนเดพเดฏเดฟเดเตเดเดพเดฎเดฒเตเดฒเต.\n\nเดเตเดฐเดณ เดธเตผเดเตเดเดพเตผ เดธเดพเดฎเตเดชเดคเตเดคเดฟเดเดฎเดพเดฏเดฟ เดชเดฟเดจเตเดจเตเดเตเดเด เดจเดฟเตฝเดเตเดเตเดจเตเดจ เดตเดฟเดงเดตเดเตพเดเตเดเต เดจเตฝเดเตเดจเตเดจ เดเดฐเต เดธเดพเดฎเตเดชเดคเตเดคเดฟเด เดธเดนเดพเดฏเดฎเดพเดฃเต เดเดจเตเดฆเดฟเดฐเดพเดเดพเดจเตเดงเดฟ เดฆเตเดถเตเดฏ เดตเดฟเดงเดตเดพ เดชเตเตปเดทเตป เดชเดฆเตเดงเดคเดฟ. เดเดคเดฟเดจเตเดเตเดเตเดฑเดฟเดเตเดเตเดณเตเดณ เดตเดฟเดตเดฐเดเตเดเตพ เดคเดพเดดเตเดเตเดเตเดเตเดเตเดเตเดจเตเดจเต:\n\n**เดชเตเดฐเดงเดพเดจ เดฏเตเดเตเดฏเดคเดเตพ:**\n1.  เดเดชเตเดเตเดทเด เดเตเดฐเดณเดคเตเดคเดฟเตฝ เดธเตเดฅเดฟเดฐเดคเดพเดฎเดธเดเตเดเดพเดฐเดฟ เดเดฏเดฟเดฐเดฟเดเตเดเดฃเด.\n2.  เดเดชเตเดเตเดทเดเดฏเตเดเต เดชเตเดฐเดพเดฏเด 18 เดตเดฏเดธเตเดธเดฟเดจเตเด 60 เดตเดฏเดธเตเดธเดฟเดจเตเด เดเดเดฏเดฟเดฒเดพเดฏเดฟเดฐเดฟเดเตเดเดฃเด.\n3.  เดเตเดเตเดเดฌเดคเตเดคเดฟเดจเตเดฑเต เดตเดพเตผเดทเดฟเด เดตเดฐเตเดฎเดพเดจเด 1 เดฒเดเตเดทเด เดฐเตเดชเดฏเดฟเตฝ เดเตเดเดพเตป เดชเดพเดเดฟเดฒเตเดฒ.\n4.  เดชเตเดจเตผเดตเดฟเดตเดพเดนเด เดเตเดฏเตเดคเดตเดฐเดพเดเดฐเตเดคเต.\n5.  เดฎเดฑเตเดฑเตเดคเตเดเตเดเดฟเดฒเตเด เดธเดพเดฎเตเดนเตเดฏ เดธเตเดฐเดเตเดทเดพ เดชเตเตปเดทเตป (เดเดฆเดพ: เด.เดชเดฟ.เดเดซเต) เดตเดพเดเตเดเตเดจเตเดจเดตเดฐเดพเดเดฐเตเดคเต.\n\n**เดเดตเดถเตเดฏเดฎเตเดณเตเดณ เดชเตเดฐเดงเดพเดจ เดฐเตเดเดเตพ:**\n*   เดเดงเดพเตผ เดเดพเตผเดกเต\n*   เดตเดฏเดธเตเดธเต เดคเตเดณเดฟเดฏเดฟเดเตเดเตเดจเตเดจ เดฐเตเด (เดเดจเดจ เดธเตผเดเตเดเดฟเดซเดฟเดเตเดเดฑเตเดฑเต / เดธเตเดเตเตพ เดธเตผเดเตเดเดฟเดซเดฟเดเตเดเดฑเตเดฑเต)\n*   เดตเดฐเตเดฎเดพเดจเด เดคเตเดณเดฟเดฏเดฟเดเตเดเตเดจเตเดจ เดธเตผเดเตเดเดฟเดซเดฟเดเตเดเดฑเตเดฑเต (เดตเดฟเดฒเตเดฒเตเดเต เดเดซเตเดธเดฟเตฝ เดจเดฟเดจเตเดจเต)\n*   เดญเตผเดคเตเดคเดพเดตเดฟเตปเตเดฑเต เดฎเดฐเดฃ เดธเตผเดเตเดเดฟเดซเดฟเดเตเดเดฑเตเดฑเต\n*   เดชเตเดจเตผเดตเดฟเดตเดพเดนเดฟเดคเดฏเดฒเตเดฒ เดเดจเตเดจเต เดคเตเดณเดฟเดฏเดฟเดเตเดเตเดจเตเดจ เดธเตผเดเตเดเดฟเดซเดฟเดเตเดเดฑเตเดฑเต\n*   เดฌเดพเดเตเดเต เดชเดพเดธเตเดฌเตเดเตเดเดฟเดจเตเดฑเต เดชเดเตผเดชเตเดชเต\n\n**เดเดเตเดเดจเต เดเดชเตเดเตเดทเดฟเดเตเดเดพเด?**\nเดเดเตเดคเตเดคเตเดณเตเดณ เดเดเตเดทเดฏ เดเตเดจเตเดฆเตเดฐเด เดตเดดเดฟเดฏเต เดเดฒเตเดฒเตเดเตเดเดฟเตฝ เดเตบเดฒเตเดจเดพเดฏเดฟ 'เดธเตเดตเดจ' เดตเตเดฌเตเดธเตเดฑเตเดฑเต เดตเดดเดฟเดฏเต เดเดชเตเดเตเดท เดธเดฎเตผเดชเตเดชเดฟเดเตเดเดพเดตเตเดจเตเดจเดคเดพเดฃเต. เดเดพเตป เดจเดฟเดเตเดเดณเต เดธเดนเดพเดฏเดฟเดเตเดเดพเตป เดเดชเตเดเตเดทเดพ เดซเตเด เดคเตเดฑเดเตเดเดพเด."",
  ""action_type"": ""fill_form"",
  ""form_fields"": {
    ""pension_type"": ""เดตเดฟเดงเดตเดพ เดชเตเตปเดทเตป"",
    ""applicant_name"": """",
    ""aadhaar_number"": """",
    ""date_of_birth"": """",
    ""address"": """",
    ""annual_income"": """",
    ""husband_name"": """",
    ""husband_death_certificate_number"": """",
    ""bank_account_number"": """",
    ""ifsc_code"": """",
    ""phone_number"": """"
  },
  ""url"": ""https://sevana.lsgkerala.gov.in/""
}
```
"
2025-10-15 11:31:03.855895,เดตเดฆเดฏเดค เดชเดฐเดถเดจ,"
เดเตเดฐเดพเดฎเดธเดเดฟ (AI เดฎเดฑเตเดชเดเดฟ): เดจเดฎเดธเตเดเดพเดฐเด! เดจเดฟเดเตเดเดณเตเดเต เดเตเดฐเดพเดฎเดธเดเดฟ เดเดตเดฟเดเตเดฏเตเดฃเตเดเต. เดคเตเตผเดเตเดเดฏเดพเดฏเตเด เดธเดนเดพเดฏเดฟเดเตเดเดพเด.

""เดตเดฆเดฏเดค เดชเดฐเดถเดจ"" เดเดจเตเดจเต เดจเดฟเดเตเดเตพ เดเตเดชเตเดชเต เดเตเดฏเตเดคเดคเต ""เดตเตเดฆเตเดฏเตเดคเดฟ เดชเตเดฐเดถเตเดจเด"" เดเดจเตเดจเดพเดตเดพเด, เดเดฒเตเดฒเต? เดธเดพเดงเดพเดฐเดฃเดฏเดพเดฏเดฟ เดเดฑเดจเตเดฑเตเดฎเดพเดฏเดฟ เดฌเดจเตเดงเดชเตเดชเตเดเตเด เดชเตเดฐเดถเตเดจเดเตเดเดณเตเดเตเดเตเดฑเดฟเดเตเดเดพเดฃเต เดเดณเตเดเตพ เดเดเตเดเดจเต เดเตเดฆเดฟเดเตเดเดพเดฑเต.

เดจเดฟเดเตเดเดณเตเดเต เดตเตเดฆเตเดฏเตเดคเดฟ เดชเตเดฐเดถเตเดจเด เดเดจเตเดคเดพเดฃเตเดจเตเดจเต เดเตเดคเตเดฏเดฎเดพเดฏเดฟ เดชเดฑเดเตเดเดพเตฝ เดเตเดเตเดคเตฝ เดธเดนเดพเดฏเดฟเดเตเดเดพเตป เดเดณเตเดชเตเดชเดฎเดพเดฃเต. เดเดจเตเดจเดพเดฒเตเด, เดธเดพเดงเดพเดฐเดฃเดฏเดพเดฏเดฟ เดเดฃเตเดเดพเดเตเดจเตเดจ เดเดฟเดฒ เดชเตเดฐเดถเตเดจเดเตเดเดณเตเด เดเดตเดฏเตเดเต เดชเดฐเดฟเดนเดพเดฐเดเตเดเดณเตเด เดคเดพเดดเตเดเตเดเตเดเตเดเตเดเตเดจเตเดจเต:

**1. เดเดฑเดจเตเดฑเต เดชเตเดฏเดพเตฝ / เดตเตเดฆเตเดฏเตเดคเดฟ เดฎเตเดเดเตเดเดฟเดฏเดพเตฝ:**

*   **เดเดตเดฟเดเตเดฏเดพเดฃเต เดชเดฐเดพเดคเดฟเดชเตเดชเตเดเตเดฃเตเดเดคเต?**
    *   KSEB-เดฏเตเดเต 24 เดฎเดฃเดฟเดเตเดเตเดฑเตเด เดชเตเดฐเดตเตผเดคเตเดคเดฟเดเตเดเตเดจเตเดจ เดเตเตพ เดซเตเดฐเต เดจเดฎเตเดชเดฑเดพเดฏ **1912**-เดฒเตเดเตเดเต เดตเดฟเดณเดฟเดเตเดเดพเด.
    *   เดเดฒเตเดฒเตเดเตเดเดฟเตฝ **9496001912** เดเดจเตเดจ KSEB-เดฏเตเดเต เดตเดพเดเตเดธเตเดเดชเตเดชเต เดจเดฎเตเดชเดฑเดฟเดฒเตเดเตเดเต เดจเดฟเดเตเดเดณเตเดเต 13 เดเดเตเด เดเตบเดธเตเดฏเตเดฎเตผ เดจเดฎเตเดชเดฑเตเด, เดชเตเดฐเดถเตเดจเดตเตเด, เดฒเตเดเตเดเตเดทเดจเตเด เดธเดนเดฟเดคเด เดเดฐเต เดฎเตเดธเตเดธเตเดเต เดเดฏเดเตเดเดพเด.
    *   เดจเดฟเดเตเดเดณเตเดเต เดตเตเดเดฟเดจเดเตเดคเตเดคเตเดณเตเดณ KSEB เดธเตเดเตเดทเตป เดเดซเตเดธเดฟเดฒเต เดจเดฎเตเดชเดฑเดฟเดฒเตเด เดตเดฟเดณเดฟเดเตเดเต เดชเดฐเดพเดคเดฟเดชเตเดชเตเดเดพเด.

*   **เดถเตเดฐเดฆเตเดงเดฟเดเตเดเดพเตป:** เดชเดฐเดพเดคเดฟเดชเตเดชเตเดเตเดจเตเดจเดคเดฟเดจเต เดฎเตเตปเดชเต เดจเดฟเดเตเดเดณเตเดเต เดตเตเดเตเดเดฟเตฝ เดฎเดพเดคเตเดฐเดฎเดพเดฃเต เดเดคเต เดเดฏเตฝเดชเดเตเดเดคเตเดคเตเดฎเตเดเตเดเต เดเดฑเดจเตเดฑเต เดชเตเดฏเต เดเดจเตเดจเต เดเดฆเตเดฏเด เดจเตเดเตเดเตเดจเตเดจเดคเต เดจเดฒเตเดฒเดคเดพเดฃเต.

**2. เดตเตเดฆเตเดฏเตเดคเดฟ เดฌเดฟเตฝ เดเตเดเตเดคเดฒเดพเดฃเตเดเตเดเดฟเตฝ:**

*   เดฎเตเดฑเตเดฑเตผ เดฑเตเดกเดฟเดเดเต เดถเดฐเดฟเดฏเดพเดฃเต เดเดจเตเดจเต เดชเดฐเดฟเดถเตเดงเดฟเดเตเดเตเด.
*   เดเดจเตเดคเตเดเตเดเดฟเดฒเตเด เดธเดเดถเดฏเดฎเตเดฃเตเดเตเดเตเดเดฟเตฝ เดเดเตเดคเตเดคเตเดณเตเดณ KSEB เดธเตเดเตเดทเตป เดเดซเตเดธเตเดฎเดพเดฏเดฟ เดฌเดจเตเดงเดชเตเดชเตเดเตเดเต เดฌเดฟเดฒเตเดฒเดฟเดจเตเดเตเดเตเดฑเดฟเดเตเดเต เดธเดเดธเดพเดฐเดฟเดเตเดเดพเดตเตเดจเตเดจเดคเดพเดฃเต.
*   เดตเตเดเตเดเดฟเดฒเต เดตเตเดฆเตเดฏเตเดคเดฟ เดเดชเดฏเตเดเด เดเตเดฑเดฏเตเดเตเดเดพเตป เดธเดนเดพเดฏเดฟเดเตเดเตเดจเตเดจ เดเดพเดฐเตเดฏเดเตเดเตพ เดถเตเดฐเดฆเตเดงเดฟเดเตเดเตเดจเตเดจเดคเต เดฌเดฟเตฝ เดเตเดฑเดฏเตเดเตเดเดพเตป เดธเดนเดพเดฏเดฟเดเตเดเตเด.

**3. เดฎเตเดฑเตเดฑเตผ เดคเดเดฐเดพเดฑเต, เดฒเตเตป เดชเตเดเตเดเดฟเดตเตเดฃเดพเตฝ, เดเดฒเตเดฒเตเดเตเดเดฟเตฝ เดฎเดฑเตเดฑเต เดเดชเดเดเดเตเดเตพ:**

*   เดเดเตเดเดจเตเดฏเตเดณเตเดณ เดเดเดฟเดฏเดจเตเดคเดฐ เดธเดพเดนเดเดฐเตเดฏเดเตเดเดณเดฟเตฝ เดเดเตเดเตเด เฎคเฎพเฎฎเฎคเฎฟเฎเฏเฎเดฐเตเดคเต. เดเดเตป เดคเดจเตเดจเต เดเดเตเดคเตเดคเตเดณเตเดณ KSEB เดเดซเตเดธเดฟเดฒเต เดเดฒเตเดฒเตเดเตเดเดฟเตฝ **1912** เดเดจเตเดจ เดจเดฎเตเดชเดฐเดฟเดฒเต เดตเดฟเดณเดฟเดเตเดเต เดเดฑเดฟเดฏเดฟเดเตเดเตเด. เดชเตเดเตเดเดฟเดตเตเดฃ เดฒเตเดจเตเดเดณเตเดเต เดเดเตเดคเตเดคเตเดเตเดเต เดชเตเดเดพเดคเดฟเดฐเดฟเดเตเดเดพเตป เดชเตเดฐเดคเตเดฏเตเดเด เดถเตเดฐเดฆเตเดงเดฟเดเตเดเดฃเด.

เดจเดฟเดเตเดเดณเตเดเต เดชเตเดฐเดถเตเดจเด เดเดคเดฟเตฝ เดเดคเดพเดฃเตเดจเตเดจเต เดชเดฑเดฏเดพเดฎเต? เดเดฒเตเดฒเตเดเตเดเดฟเตฝ เดตเตเดฑเตเดจเตเดคเตเดเตเดเดฟเดฒเตเด เดตเดฟเดตเดฐเดเตเดเดณเดพเดฃเต เดเดฑเดฟเดฏเตเดฃเตเดเดคเต? เดเดจเตเดคเต เดธเดนเดพเดฏเดคเตเดคเดฟเดจเตเด เดเตเดฆเดฟเดเตเดเดพเตป เดฎเดเดฟเดเตเดเดฐเตเดคเต เดเตเดเตเดเต.

เดจเดฟเดเตเดเดณเตเดเต เดธเตเดตเดจเตเดคเด,
เดเตเดฐเดพเดฎเดธเดเดฟ.
"
2026-02-09 14:35:06.223447,vellam illa,I understand your water complaint. I will register this issue.
